CD_MUN,NM_MUN,SITUACAO,total_dom,pct_sem_energia,sem_energia
1300029,Alvarães,Rural,1508.0,57.4,866.0
1300029,Alvarães,Urbana,1878.0,16.1,302.0
1300060,Amaturá,Rural,545.0,64.3,350.0
1300060,Amaturá,Urbana,1592.0,19.2,306.0
1300086,Anamã,Rural,1192.0,47.8,570.0
1300086,Anamã,Urbana,1120.0,11.8,132.0
1300102,Anori,Rural,1374.0,44.6,613.0
1300102,Anori,Urbana,2765.0,10.4,288.0
1300144,Apuí,Rural,2386.0,31.7,756.0
1300144,Apuí,Urbana,3393.0,7.1,241.0
1300201,Atalaia do Norte,Rural,1668.0,70.2,1171.0
1300201,Atalaia do Norte,Urbana,1693.0,23.6,400.0
1300300,Autazes,Rural,5804.0,33.8,1962.0
1300300,Autazes,Urbana,5045.0,9.1,459.0
1300409,Barcelos,Rural,1525.0,69.3,1057.0
1300409,Barcelos,Urbana,2625.0,24.7,648.0
1300508,Barreirinha,Rural,3038.0,43.1,1309.0
1300508,Barreirinha,Urbana,3743.0,11.6,434.0
1300607,Benjamin Constant,Rural,1600.0,46.7,747.0
1300607,Benjamin Constant,Urbana,6131.0,12.1,742.0
1300631,Beruri,Rural,1815.0,62.4,1133.0
1300631,Beruri,Urbana,2703.0,19.8,535.0
1300680,Boa Vista do Ramos,Rural,2189.0,44.6,976.0
1300680,Boa Vista do Ramos,Urbana,2398.0,16.4,393.0
1300706,Boca do Acre,Rural,3781.0,56.1,2121.0
1300706,Boca do Acre,Urbana,6286.0,15.6,981.0
1300805,Borba,Rural,2755.0,44.2,1218.0
1300805,Borba,Urbana,5115.0,11.4,583.0
1300839,Caapiranga,Rural,1440.0,49.3,710.0
1300839,Caapiranga,Urbana,1524.0,13.1,200.0
1300904,Canutama,Rural,2046.0,44.1,902.0
1300904,Canutama,Urbana,2470.0,15.9,393.0
1301001,Carauari,Rural,1415.0,47.4,671.0
1301001,Carauari,Urbana,5815.0,15.8,919.0
1301100,Careiro,Rural,5379.0,29.4,1581.0
1301100,Careiro,Urbana,3666.0,7.8,286.0
1301159,Careiro da Várzea,Rural,4922.0,31.2,1536.0
1301159,Careiro da Várzea,Urbana,840.0,8.3,70.0
1301209,Coari,Rural,4099.0,41.8,1713.0
1301209,Coari,Urbana,13429.0,10.3,1383.0
1301308,Codajás,Rural,1307.0,48.2,630.0
1301308,Codajás,Urbana,4261.0,12.9,550.0
1301407,Eirunepé,Rural,1585.0,65.8,1043.0
1301407,Eirunepé,Urbana,6501.0,21.4,1391.0
1301506,Envira,Rural,864.0,69.4,600.0
1301506,Envira,Urbana,3308.0,23.9,791.0
1301605,Fonte Boa,Rural,1498.0,61.3,918.0
1301605,Fonte Boa,Urbana,3807.0,17.9,681.0
1301654,Guajará,Rural,1205.0,43.6,525.0
1301654,Guajará,Urbana,2406.0,17.9,431.0
1301704,Humaitá,Rural,3280.0,35.6,1168.0
1301704,Humaitá,Urbana,11110.0,8.6,955.0
1301803,Ipixuna,Rural,1490.0,74.1,1104.0
1301803,Ipixuna,Urbana,3299.0,26.3,868.0
1301852,Iranduba,Rural,4557.0,21.7,989.0
1301852,Iranduba,Urbana,13194.0,3.4,449.0
1301902,Itacoatiara,Rural,7800.0,28.4,2215.0
1301902,Itacoatiara,Urbana,19819.0,6.8,1348.0
1301951,Itamarati,Rural,637.0,73.8,470.0
1301951,Itamarati,Urbana,1691.0,25.7,435.0
1302009,Itapiranga,Rural,566.0,34.7,196.0
1302009,Itapiranga,Urbana,2033.0,7.9,161.0
1302108,Japurá,Rural,732.0,67.8,496.0
1302108,Japurá,Urbana,991.0,19.4,192.0
1302207,Juruá,Rural,761.0,51.9,395.0
1302207,Juruá,Urbana,1754.0,13.9,244.0
1302306,Jutaí,Rural,1609.0,68.7,1105.0
1302306,Jutaí,Urbana,3206.0,22.8,731.0
1302405,Lábrea,Rural,4142.0,58.7,2431.0
1302405,Lábrea,Urbana,7043.0,18.3,1289.0
1302504,Manacapuru,Rural,9506.0,24.1,2291.0
1302504,Manacapuru,Urbana,17358.0,5.2,903.0
1302553,Manaquiri,Rural,2971.0,46.2,1373.0
1302553,Manaquiri,Urbana,1906.0,15.7,299.0
1302603,Manaus,Rural,6404.0,18.3,1172.0
1302603,Manaus,Urbana,623608.0,2.1,13096.0
1302702,Manicoré,Rural,4769.0,51.3,2446.0
1302702,Manicoré,Urbana,7312.0,13.8,1009.0
1302801,Maraã,Rural,1448.0,63.7,922.0
1302801,Maraã,Urbana,1552.0,18.7,290.0
1302900,Maués,Rural,6514.0,38.7,2521.0
1302900,Maués,Urbana,6728.0,9.2,619.0
1303007,Nhamundá,Rural,2803.0,46.9,1315.0
1303007,Nhamundá,Urbana,1745.0,12.3,215.0
1303106,Nova Olinda do Norte,Rural,2368.0,55.9,1324.0
1303106,Nova Olinda do Norte,Urbana,4099.0,16.2,664.0
1303205,Novo Airão,Rural,964.0,27.6,266.0
1303205,Novo Airão,Urbana,3165.0,6.3,199.0
1303304,Novo Aripuanã,Rural,1314.0,52.4,689.0
1303304,Novo Aripuanã,Urbana,3454.0,16.2,560.0
1303403,Parintins,Rural,3864.0,26.3,1016.0
1303403,Parintins,Urbana,20032.0,5.9,1182.0
1303502,Pauini,Rural,1306.0,70.9,926.0
1303502,Pauini,Urbana,2577.0,24.8,639.0
1303536,Presidente Figueiredo,Rural,4257.0,22.8,971.0
1303536,Presidente Figueiredo,Urbana,5097.0,4.7,240.0
1303569,Rio Preto da Eva,Rural,3589.0,26.4,947.0
1303569,Rio Preto da Eva,Urbana,4202.0,5.8,244.0
1303601,Santa Isabel do Rio Negro,Rural,1224.0,71.4,874.0
1303601,Santa Isabel do Rio Negro,Urbana,1446.0,27.1,392.0
1303700,Santo Antônio do Içá,Rural,1066.0,55.9,596.0
1303700,Santo Antônio do Içá,Urbana,4111.0,15.3,629.0
1303809,São Gabriel da Cachoeira,Rural,4428.0,72.6,3215.0
1303809,São Gabriel da Cachoeira,Urbana,5773.0,28.4,1640.0
1303908,São Paulo de Olivença,Rural,1364.0,53.2,726.0
1303908,São Paulo de Olivença,Urbana,4598.0,14.2,653.0
1303957,São Sebastião do Uatumã,Rural,469.0,40.6,190.0
1303957,São Sebastião do Uatumã,Urbana,2193.0,10.7,235.0
1304005,Silves,Rural,1577.0,36.4,574.0
1304005,Silves,Urbana,1243.0,8.7,108.0
1304062,Tabatinga,Rural,2033.0,32.1,653.0
1304062,Tabatinga,Urbana,11788.0,7.4,872.0
1304104,Tapauá,Rural,1846.0,66.2,1222.0
1304104,Tapauá,Urbana,2890.0,22.1,639.0
1304203,Tefé,Rural,3210.0,38.4,1233.0
1304203,Tefé,Urbana,14237.0,9.7,1381.0
1304237,Tonantins,Rural,1127.0,58.4,658.0
1304237,Tonantins,Urbana,2221.0,16.8,373.0
1304260,Uarini,Rural,1005.0,59.1,594.0
1304260,Uarini,Urbana,2037.0,17.3,352.0
1304302,Urucará,Rural,1239.0,37.2,461.0
1304302,Urucará,Urbana,3028.0,9.8,297.0
1304401,Urucurituba,Rural,1888.0,39.8,751.0
1304401,Urucurituba,Urbana,3314.0,10.2,338.0
